{
  "norm_stats": {
    "state": {
      "mean": [
        -0.017329756170511246,
        1.152082085609436,
        -0.6732026934623718,
        -0.0020991768687963486,
        -0.40718623995780945,
        -0.07749876379966736,
        0.03571189567446709
      ],
      "std": [
        0.2818697988986969,
        0.543979823589325,
        0.3364114761352539,
        0.4655108153820038,
        0.28794682025909424,
        0.39480164647102356,
        0.04168446362018585
      ],
      "q01": [
        -0.4872197365283966,
        -0.007939600369334221,
        -1.0857409716192632,
        -0.7612633652687073,
        -0.8949344227790832,
        -0.8579596706390381,
        0.0014892883941531182
      ],
      "q99": [
        0.42627321970462795,
        1.7662632911726834,
        0.01571983201429239,
        0.8939263772964479,
        0.16646378555297847,
        0.5840883687496186,
        0.09668769717365504
      ]
    },
    "actions": {
      "mean": [
        0.0029346849769353867,
        -0.004560417495667934,
        -0.048756107687950134,
        0.0019636913202703,
        -0.09200595319271088,
        -0.020581329241394997,
        0.03594232350587845
      ],
      "std": [
        0.11119365692138672,
        0.3704228401184082,
        0.22786253690719604,
        0.16645722091197968,
        0.1944904923439026,
        0.14630144834518433,
        0.04179978743195534
      ],
      "q01": [
        -0.2410091978728771,
        -1.0619030013799668,
        -0.6079185920357704,
        -0.468722167801857,
        -0.626295565700531,
        -0.4796529934048653,
        0.0015279712095856667
      ],
      "q99": [
        0.4189405976891518,
        1.0073141944408417,
        0.632669031226635,
        0.4791943581342697,
        0.5157781930923462,
        0.33620040574073795,
        0.09668769717365504
      ]
    }
  }
}